
INSERT INTO PROVEEDOR (NOMBRE) VALUES ('Nike');
INSERT INTO PROVEEDOR (NOMBRE) VALUES ('Adidas');
INSERT INTO PROVEEDOR (NOMBRE) VALUES ('Puma');
INSERT INTO PROVEEDOR (NOMBRE) VALUES ('Under Armour');
INSERT INTO PROVEEDOR (NOMBRE) VALUES ('Fila');
INSERT INTO PROVEEDOR (NOMBRE) VALUES ('Everlast');


INSERT INTO TIPO_ARTICULO (NOMBRE) VALUES ('Zapatillas');
INSERT INTO TIPO_ARTICULO (NOMBRE) VALUES ('Botines');
INSERT INTO TIPO_ARTICULO (NOMBRE) VALUES ('Remeras');
INSERT INTO TIPO_ARTICULO (NOMBRE) VALUES ('Camisetas');
INSERT INTO TIPO_ARTICULO (NOMBRE) VALUES ('Shorts');
INSERT INTO TIPO_ARTICULO (NOMBRE) VALUES ('Buzos y Camperas');

INSERT INTO ARTICULO (NOMBRE, DESCRIPCION, COD_TIPO_ARTICULO, PRECIO, TASA_ROTACION, STOCK)
VALUES ('Camiserta Boca Juniors', 'Camiseta del club atletico Boca Juniors año 2023', 'Camisetas', 255.99, 8, 200);
INSERT INTO ARTICULO (NOMBRE, DESCRIPCION, COD_TIPO_ARTICULO, PRECIO, TASA_ROTACION, STOCK)
VALUES ('Botines negros futbol 11', 'Botines para jugar al futbol', 'Botines', 450.89, 10, 400);
INSERT INTO ARTICULO (NOMBRE, DESCRIPCION, COD_TIPO_ARTICULO, PRECIO, TASA_ROTACION, STOCK)
VALUES ('Remera azul basica', 'Remera azul', 'Remeras', 140.99, 6, 200);
INSERT INTO ARTICULO (NOMBRE, DESCRIPCION, COD_TIPO_ARTICULO, PRECIO, TASA_ROTACION, STOCK)
VALUES ('Remera negra deportiva', 'Remera negra', 'Remeras', 160.99, 12, 1000);
INSERT INTO ARTICULO (NOMBRE,DESCRIPCION,COD_TIPO_ARTICULO,PRECIO,TASA_ROTACION,STOCK)
VALUES ('Buzo oversize verde', 'Buzo estilo oversixe', 'Buzos y Camperas', 300.99, 12, 400);
INSERT INTO ARTICULO (NOMBRE, DESCRIPCION, COD_TIPO_ARTICULO, PRECIO, TASA_ROTACION, STOCK)
VALUES ('Camiseta Real Madrid ', 'Camiseta del club atletico Real Madrid año 2023', 'Camisetas', 255.99, 8, 500);
INSERT INTO ARTICULO (NOMBRE, DESCRIPCION, COD_TIPO_ARTICULO, PRECIO, TASA_ROTACION, STOCK)
VALUES ('Short gris', 'Short para ejercicio', 'Shorts', 100.49, 10, 300);
INSERT INTO ARTICULO (NOMBRE, DESCRIPCION, COD_TIPO_ARTICULO, PRECIO, TASA_ROTACION, STOCK)
VALUES ('Zapatillas vans negras', 'Zapatillas urbanas', 'Zapatillas', 350.99, 6, 200);
INSERT INTO ARTICULO (NOMBRE, DESCRIPCION, COD_TIPO_ARTICULO, PRECIO, TASA_ROTACION, STOCK)
VALUES ('Remera blanca basica', 'Remera blanca', 'Remeras', 150.99, 12, 1000);
-- INSERTs para VENTA

INSERT INTO VENTA (COD_VENTA, MONTO_TOTAL)
VALUES
    (1, 500.0),
    (2, 500.0),
    (3, 500.0),
    (4, 500.0),
    (5, 500.0);

-- INSERTs para ARTICULO_VENTA
INSERT INTO ARTICULO_VENTA (ANO, CANTIDAD_ARTICULOS, DIA, MES, ARTICULO_ID, COD_ARTICULO_VENTA, VENTA_ID)
VALUES
    (2024, 100, 17, 7, 1, 1, 1),
    (2024, 150, 23, 8, 2, 2, 2),
    (2024, 80, 5, 5, 1, 3, 3),
    (2024, 120, 12, 10, 4, 4, 4),
    (2024, 200, 28, 11, 5, 5, 5),
    (2023, 80, 15, 5, 1, 6, 1),
    (2022, 120, 20, 6, 2, 7, 2),
    (2021, 150, 25, 7, 3, 8, 3),
    (2020, 200, 10, 8, 4, 9, 4),
    (2023, 100, 17, 7, 1, 1, 1),
    (2022, 150, 23, 8, 2, 2, 2),
    (2021, 80, 5, 5, 1, 3, 3),
    (2024, 120, 12, 10, 4, 4, 4),
    (2023, 200, 28, 11, 5, 5, 5),
    (2022, 100, 17, 7, 1, 1, 1),
    (2024, 150, 23, 8, 2, 2, 2),
    (2023, 80, 5, 5, 1, 3, 3),
    (2022, 120, 12, 10, 4, 4, 4),
    (2023, 200, 28, 11, 5, 5, 5);
    